{
  "project_info": {
    "project_number": "463951992753",
    "firebase_url": "https://smartfridge5451-cd0f4-default-rtdb.firebaseio.com",
    "project_id": "smartfridge5451-cd0f4",
    "storage_bucket": "smartfridge5451-cd0f4.appspot.com"
  },
  "client": [
    {
      "client_info": {
        "mobilesdk_app_id": "1:463951992753:android:f3d05f2c787ad6226ecf90",
        "android_client_info": {
          "package_name": "nus.iss5451.smartfridge"
        }
      },
      "oauth_client": [
        {
          "client_id": "463951992753-ro7rl9hacpv5muughti94kib2dj7tp26.apps.googleusercontent.com",
          "client_type": 3
        }
      ],
      "api_key": [
        {
          "current_key": "AIzaSyAsEvdTJjUl47YJjFU6eI7TBZ9Qbp0Kjfo"
        }
      ],
      "services": {
        "appinvite_service": {
          "other_platform_oauth_client": [
            {
              "client_id": "463951992753-ro7rl9hacpv5muughti94kib2dj7tp26.apps.googleusercontent.com",
              "client_type": 3
            }
          ]
        }
      }
    }
  ],
  "configuration_version": "1"
}